2_1YY9,GLU,0 
3_1YY9,GLU,0 
4_1YY9,LYS,0 
5_1YY9,LYS,0 
6_1YY9,VAL,0 
7_1YY9,CYS,0 
8_1YY9,GLN,0 
9_1YY9,GLY,0 
10_1YY9,THR,0 
11_1YY9,SER,0 
12_1YY9,ASN,0 
13_1YY9,LYS,0 
14_1YY9,LEU,0 
15_1YY9,THR,0 
16_1YY9,GLN,0 
17_1YY9,LEU,0 
18_1YY9,GLY,0 
19_1YY9,THR,0 
20_1YY9,PHE,0 
21_1YY9,GLU,0 
22_1YY9,ASP,0 
23_1YY9,HIS,0 
24_1YY9,PHE,0 
25_1YY9,LEU,0 
26_1YY9,SER,0 
27_1YY9,LEU,0 
28_1YY9,GLN,0 
29_1YY9,ARG,0 
30_1YY9,MET,0 
31_1YY9,PHE,0 
32_1YY9,ASN,0 
33_1YY9,ASN,0 
34_1YY9,CYS,0 
35_1YY9,GLU,0 
36_1YY9,VAL,0 
37_1YY9,VAL,0 
38_1YY9,LEU,0 
39_1YY9,GLY,0 
40_1YY9,ASN,0 
41_1YY9,LEU,0 
42_1YY9,GLU,0 
43_1YY9,ILE,0 
44_1YY9,THR,0 
45_1YY9,TYR,0 
46_1YY9,VAL,0 
47_1YY9,GLN,0 
48_1YY9,ARG,0 
49_1YY9,ASN,0 
50_1YY9,TYR,0 
51_1YY9,ASP,0 
52_1YY9,LEU,0 
53_1YY9,SER,0 
54_1YY9,PHE,0 
55_1YY9,LEU,0 
56_1YY9,LYS,0 
57_1YY9,THR,0 
58_1YY9,ILE,0 
59_1YY9,GLN,0 
60_1YY9,GLU,0 
61_1YY9,VAL,0 
62_1YY9,ALA,0 
63_1YY9,GLY,0 
64_1YY9,TYR,0 
65_1YY9,VAL,0 
66_1YY9,LEU,0 
67_1YY9,ILE,0 
68_1YY9,ALA,0 
69_1YY9,LEU,0 
70_1YY9,ASN,0 
71_1YY9,THR,0 
72_1YY9,VAL,0 
73_1YY9,GLU,0 
74_1YY9,ARG,0 
75_1YY9,ILE,0 
76_1YY9,PRO,0 
77_1YY9,LEU,0 
78_1YY9,GLU,0 
79_1YY9,ASN,0 
80_1YY9,LEU,0 
81_1YY9,GLN,0 
82_1YY9,ILE,0 
83_1YY9,ILE,0 
84_1YY9,ARG,0 
85_1YY9,GLY,0 
86_1YY9,ASN,0 
87_1YY9,MET,0 
88_1YY9,TYR,0 
89_1YY9,TYR,0 
90_1YY9,GLU,0 
91_1YY9,ASN,0 
92_1YY9,SER,0 
93_1YY9,TYR,0 
94_1YY9,ALA,0 
95_1YY9,LEU,0 
96_1YY9,ALA,0 
97_1YY9,VAL,0 
98_1YY9,LEU,0 
99_1YY9,SER,0 
100_1YY9,ASN,0 
101_1YY9,TYR,0 
102_1YY9,ASP,0 
103_1YY9,ALA,0 
104_1YY9,ASN,0 
105_1YY9,LYS,0 
106_1YY9,THR,0 
107_1YY9,GLY,0 
108_1YY9,LEU,0 
109_1YY9,LYS,0 
110_1YY9,GLU,0 
111_1YY9,LEU,0 
112_1YY9,PRO,0 
113_1YY9,MET,0 
114_1YY9,ARG,0 
115_1YY9,ASN,0 
116_1YY9,LEU,0 
117_1YY9,GLN,0 
118_1YY9,GLU,0 
119_1YY9,ILE,0 
120_1YY9,LEU,0 
121_1YY9,HIS,0 
122_1YY9,GLY,0 
123_1YY9,ALA,0 
124_1YY9,VAL,0 
125_1YY9,ARG,0 
126_1YY9,PHE,0 
127_1YY9,SER,0 
128_1YY9,ASN,0 
129_1YY9,ASN,0 
130_1YY9,PRO,0 
131_1YY9,ALA,0 
132_1YY9,LEU,0 
133_1YY9,CYS,0 
134_1YY9,ASN,0 
135_1YY9,VAL,0 
136_1YY9,GLU,0 
137_1YY9,SER,0 
138_1YY9,ILE,0 
139_1YY9,GLN,0 
140_1YY9,TRP,0 
141_1YY9,ARG,0 
142_1YY9,ASP,0 
143_1YY9,ILE,0 
144_1YY9,VAL,0 
145_1YY9,SER,0 
146_1YY9,SER,0 
147_1YY9,ASP,0 
148_1YY9,PHE,0 
149_1YY9,LEU,0 
150_1YY9,SER,0 
151_1YY9,ASN,0 
152_1YY9,MET,0 
153_1YY9,SER,0 
154_1YY9,MET,0 
155_1YY9,ASP,0 
156_1YY9,PHE,0 
157_1YY9,GLN,0 
158_1YY9,ASN,0 
159_1YY9,HIS,0 
160_1YY9,LEU,0 
161_1YY9,GLY,0 
162_1YY9,SER,0 
163_1YY9,CYS,0 
164_1YY9,GLN,0 
165_1YY9,LYS,0 
166_1YY9,CYS,0 
167_1YY9,ASP,0 
168_1YY9,PRO,0 
169_1YY9,SER,0 
170_1YY9,CYS,0 
171_1YY9,PRO,0 
172_1YY9,ASN,0 
173_1YY9,GLY,0 
174_1YY9,SER,0 
175_1YY9,CYS,0 
176_1YY9,TRP,0 
177_1YY9,GLY,0 
178_1YY9,ALA,0 
179_1YY9,GLY,0 
180_1YY9,GLU,0 
181_1YY9,GLU,0 
182_1YY9,ASN,0 
183_1YY9,CYS,0 
184_1YY9,GLN,0 
185_1YY9,LYS,0 
186_1YY9,LEU,0 
187_1YY9,THR,0 
188_1YY9,LYS,0 
189_1YY9,ILE,0 
190_1YY9,ILE,0 
191_1YY9,CYS,0 
192_1YY9,ALA,0 
193_1YY9,GLN,0 
194_1YY9,GLN,0 
195_1YY9,CYS,0 
196_1YY9,SER,0 
197_1YY9,GLY,0 
198_1YY9,ARG,0 
199_1YY9,CYS,0 
200_1YY9,ARG,0 
201_1YY9,GLY,0 
202_1YY9,LYS,0 
203_1YY9,SER,0 
204_1YY9,PRO,0 
205_1YY9,SER,0 
206_1YY9,ASP,0 
207_1YY9,CYS,0 
208_1YY9,CYS,0 
209_1YY9,HIS,0 
210_1YY9,ASN,0 
211_1YY9,GLN,0 
212_1YY9,CYS,0 
213_1YY9,ALA,0 
214_1YY9,ALA,0 
215_1YY9,GLY,0 
216_1YY9,CYS,0 
217_1YY9,THR,0 
218_1YY9,GLY,0 
219_1YY9,PRO,0 
220_1YY9,ARG,0 
221_1YY9,GLU,0 
222_1YY9,SER,0 
223_1YY9,ASP,0 
224_1YY9,CYS,0 
225_1YY9,LEU,0 
226_1YY9,VAL,0 
227_1YY9,CYS,0 
228_1YY9,ARG,0 
229_1YY9,LYS,0 
230_1YY9,PHE,0 
231_1YY9,ARG,0 
232_1YY9,ASP,0 
233_1YY9,GLU,0 
234_1YY9,ALA,0 
235_1YY9,THR,0 
236_1YY9,CYS,0 
237_1YY9,LYS,0 
238_1YY9,ASP,0 
239_1YY9,THR,0 
240_1YY9,CYS,0 
241_1YY9,PRO,0 
242_1YY9,PRO,0 
243_1YY9,LEU,0 
244_1YY9,MET,0 
245_1YY9,LEU,0 
246_1YY9,TYR,0 
247_1YY9,ASN,0 
248_1YY9,PRO,0 
249_1YY9,THR,0 
250_1YY9,THR,0 
251_1YY9,TYR,0 
252_1YY9,GLN,0 
253_1YY9,MET,0 
254_1YY9,ASP,0 
255_1YY9,VAL,0 
256_1YY9,ASN,0 
257_1YY9,PRO,0 
258_1YY9,GLU,0 
259_1YY9,GLY,0 
260_1YY9,LYS,0 
261_1YY9,TYR,0 
262_1YY9,SER,0 
263_1YY9,PHE,0 
264_1YY9,GLY,0 
265_1YY9,ALA,0 
266_1YY9,THR,0 
267_1YY9,CYS,0 
268_1YY9,VAL,0 
269_1YY9,LYS,0 
270_1YY9,LYS,0 
271_1YY9,CYS,0 
272_1YY9,PRO,0 
273_1YY9,ARG,0 
274_1YY9,ASN,0 
275_1YY9,TYR,0 
276_1YY9,VAL,0 
277_1YY9,VAL,0 
278_1YY9,THR,0 
279_1YY9,ASP,0 
280_1YY9,HIS,0 
281_1YY9,GLY,0 
282_1YY9,SER,0 
283_1YY9,CYS,0 
284_1YY9,VAL,0 
285_1YY9,ARG,0 
286_1YY9,ALA,0 
287_1YY9,CYS,0 
288_1YY9,GLY,0 
289_1YY9,ALA,0 
290_1YY9,ASP,0 
291_1YY9,SER,0 
292_1YY9,TYR,0 
293_1YY9,GLU,0 
294_1YY9,MET,0 
295_1YY9,GLU,0 
296_1YY9,GLU,0 
297_1YY9,ASP,0 
298_1YY9,GLY,0 
299_1YY9,VAL,0 
300_1YY9,ARG,0 
301_1YY9,LYS,0 
302_1YY9,CYS,0 
303_1YY9,LYS,0 
304_1YY9,LYS,0 
305_1YY9,CYS,0 
306_1YY9,GLU,0 
307_1YY9,GLY,0 
308_1YY9,PRO,0 
309_1YY9,CYS,0 
310_1YY9,ARG,0 
311_1YY9,LYS,0 
312_1YY9,VAL,0 
313_1YY9,CYS,0 
314_1YY9,ASN,0 
315_1YY9,GLY,0 
316_1YY9,ILE,0 
317_1YY9,GLY,0 
318_1YY9,ILE,0 
319_1YY9,GLY,0 
320_1YY9,GLU,0 
321_1YY9,PHE,0 
322_1YY9,LYS,0 
323_1YY9,ASP,0 
324_1YY9,SER,0 
325_1YY9,LEU,0 
326_1YY9,SER,0 
327_1YY9,ILE,0 
328_1YY9,ASN,0 
329_1YY9,ALA,0 
330_1YY9,THR,0 
331_1YY9,ASN,0 
332_1YY9,ILE,0 
333_1YY9,LYS,0 
334_1YY9,HIS,0 
335_1YY9,PHE,0 
336_1YY9,LYS,0 
337_1YY9,ASN,0 
338_1YY9,CYS,0 
339_1YY9,THR,0 
340_1YY9,SER,0 
341_1YY9,ILE,0 
342_1YY9,SER,0 
343_1YY9,GLY,0 
344_1YY9,ASP,0 
345_1YY9,LEU,0 
346_1YY9,HIS,0 
347_1YY9,ILE,0 
348_1YY9,LEU,0 
349_1YY9,PRO,1 
350_1YY9,VAL,0 
351_1YY9,ALA,0 
352_1YY9,PHE,0 
353_1YY9,ARG,1 
354_1YY9,GLY,0 
355_1YY9,ASP,0 
356_1YY9,SER,0 
357_1YY9,PHE,0 
358_1YY9,THR,0 
359_1YY9,HIS,0 
360_1YY9,THR,0 
361_1YY9,PRO,0 
362_1YY9,PRO,0 
363_1YY9,LEU,0 
364_1YY9,ASP,0 
365_1YY9,PRO,0 
366_1YY9,GLN,0 
367_1YY9,GLU,0 
368_1YY9,LEU,0 
369_1YY9,ASP,0 
370_1YY9,ILE,0 
371_1YY9,LEU,0 
372_1YY9,LYS,0 
373_1YY9,THR,0 
374_1YY9,VAL,0 
375_1YY9,LYS,0 
376_1YY9,GLU,0 
377_1YY9,ILE,0 
378_1YY9,THR,0 
379_1YY9,GLY,0 
380_1YY9,PHE,0 
381_1YY9,LEU,0 
382_1YY9,LEU,0 
383_1YY9,ILE,0 
384_1YY9,GLN,1 
385_1YY9,ALA,0 
386_1YY9,TRP,0 
387_1YY9,PRO,0 
388_1YY9,GLU,0 
389_1YY9,ASN,0 
390_1YY9,ARG,0 
391_1YY9,THR,0 
392_1YY9,ASP,0 
393_1YY9,LEU,0 
394_1YY9,HIS,0 
395_1YY9,ALA,0 
396_1YY9,PHE,0 
397_1YY9,GLU,0 
398_1YY9,ASN,0 
399_1YY9,LEU,0 
400_1YY9,GLU,0 
401_1YY9,ILE,0 
402_1YY9,ILE,0 
403_1YY9,ARG,0 
404_1YY9,GLY,0 
405_1YY9,ARG,0 
406_1YY9,THR,0 
407_1YY9,LYS,0 
408_1YY9,GLN,1 
409_1YY9,HIS,1 
410_1YY9,GLY,0 
411_1YY9,GLN,1 
412_1YY9,PHE,1 
413_1YY9,SER,0 
414_1YY9,LEU,0 
415_1YY9,ALA,0 
416_1YY9,VAL,0 
417_1YY9,VAL,1 
418_1YY9,SER,1 
419_1YY9,LEU,0 
420_1YY9,ASN,0 
421_1YY9,ILE,0 
422_1YY9,THR,0 
423_1YY9,SER,0 
424_1YY9,LEU,0 
425_1YY9,GLY,0 
426_1YY9,LEU,0 
427_1YY9,ARG,0 
428_1YY9,SER,0 
429_1YY9,LEU,0 
430_1YY9,LYS,0 
431_1YY9,GLU,0 
432_1YY9,ILE,0 
433_1YY9,SER,0 
434_1YY9,ASP,0 
435_1YY9,GLY,0 
436_1YY9,ASP,0 
437_1YY9,VAL,0 
438_1YY9,ILE,1 
439_1YY9,ILE,0 
440_1YY9,SER,1 
441_1YY9,GLY,1 
442_1YY9,ASN,0 
443_1YY9,LYS,1 
444_1YY9,ASN,0 
445_1YY9,LEU,0 
446_1YY9,CYS,0 
447_1YY9,TYR,0 
448_1YY9,ALA,0 
449_1YY9,ASN,0 
450_1YY9,THR,0 
451_1YY9,ILE,0 
452_1YY9,ASN,0 
453_1YY9,TRP,0 
454_1YY9,LYS,0 
455_1YY9,LYS,0 
456_1YY9,LEU,0 
457_1YY9,PHE,0 
458_1YY9,GLY,0 
459_1YY9,THR,0 
460_1YY9,SER,0 
461_1YY9,GLY,0 
462_1YY9,GLN,0 
463_1YY9,LYS,0 
464_1YY9,THR,0 
465_1YY9,LYS,1 
466_1YY9,ILE,0 
467_1YY9,ILE,1 
468_1YY9,SER,1 
469_1YY9,ASN,1 
470_1YY9,ARG,0 
471_1YY9,GLY,1 
472_1YY9,GLU,0 
473_1YY9,ASN,1 
474_1YY9,LYS,0 
475_1YY9,CYS,0 
476_1YY9,LYS,0 
477_1YY9,ALA,0 
478_1YY9,THR,0 
479_1YY9,GLY,0 
480_1YY9,GLN,0 
481_1YY9,VAL,0 
482_1YY9,CYS,0 
483_1YY9,HIS,0 
484_1YY9,ALA,0 
485_1YY9,LEU,0 
486_1YY9,CYS,0 
487_1YY9,SER,0 
488_1YY9,PRO,0 
489_1YY9,GLU,0 
490_1YY9,GLY,0 
491_1YY9,CYS,0 
492_1YY9,TRP,0 
493_1YY9,GLY,0 
494_1YY9,PRO,0 
495_1YY9,GLU,0 
496_1YY9,PRO,0 
497_1YY9,ARG,0 
498_1YY9,ASP,0 
499_1YY9,CYS,0 
500_1YY9,VAL,0 
501_1YY9,SER,0 
502_1YY9,CYS,0 
503_1YY9,ARG,0 
504_1YY9,ASN,0 
505_1YY9,VAL,0 
506_1YY9,SER,0 
507_1YY9,ARG,0 
508_1YY9,GLY,0 
509_1YY9,ARG,0 
510_1YY9,GLU,0 
511_1YY9,CYS,0 
512_1YY9,VAL,0 
513_1YY9,ASP,0 
514_1YY9,LYS,0 
515_1YY9,CYS,0 
516_1YY9,LYS,0 
517_1YY9,LEU,0 
518_1YY9,LEU,0 
519_1YY9,GLU,0 
520_1YY9,GLY,0 
521_1YY9,GLU,0 
522_1YY9,PRO,0 
523_1YY9,ARG,0 
524_1YY9,GLU,0 
525_1YY9,PHE,0 
526_1YY9,VAL,0 
527_1YY9,GLU,0 
528_1YY9,ASN,0 
529_1YY9,SER,0 
530_1YY9,GLU,0 
531_1YY9,CYS,0 
532_1YY9,ILE,0 
533_1YY9,GLN,0 
534_1YY9,CYS,0 
535_1YY9,HIS,0 
536_1YY9,PRO,0 
537_1YY9,GLU,0 
538_1YY9,CYS,0 
539_1YY9,LEU,0 
540_1YY9,PRO,0 
541_1YY9,GLN,0 
542_1YY9,ALA,0 
543_1YY9,MET,0 
544_1YY9,ASN,0 
545_1YY9,ILE,0 
546_1YY9,THR,0 
547_1YY9,CYS,0 
548_1YY9,THR,0 
549_1YY9,GLY,0 
550_1YY9,ARG,0 
551_1YY9,GLY,0 
552_1YY9,PRO,0 
553_1YY9,ASP,0 
554_1YY9,ASN,0 
555_1YY9,CYS,0 
556_1YY9,ILE,0 
557_1YY9,GLN,0 
558_1YY9,CYS,0 
559_1YY9,ALA,0 
560_1YY9,HIS,0 
561_1YY9,TYR,0 
562_1YY9,ILE,0 
563_1YY9,ASP,0 
564_1YY9,GLY,0 
565_1YY9,PRO,0 
566_1YY9,HIS,0 
567_1YY9,CYS,0 
568_1YY9,VAL,0 
569_1YY9,LYS,0 
570_1YY9,THR,0 
571_1YY9,CYS,0 
572_1YY9,PRO,0 
573_1YY9,ALA,0 
574_1YY9,GLY,0 
575_1YY9,VAL,0 
576_1YY9,MET,0 
577_1YY9,GLY,0 
578_1YY9,GLU,0 
579_1YY9,ASN,0 
580_1YY9,ASN,0 
581_1YY9,THR,0 
582_1YY9,LEU,0 
583_1YY9,VAL,0 
584_1YY9,TRP,0 
585_1YY9,LYS,0 
586_1YY9,TYR,0 
587_1YY9,ALA,0 
588_1YY9,ASP,0 
589_1YY9,ALA,0 
590_1YY9,GLY,0 
591_1YY9,HIS,0 
592_1YY9,VAL,0 
593_1YY9,CYS,0 
594_1YY9,HIS,0 
595_1YY9,LEU,0 
596_1YY9,CYS,0 
597_1YY9,HIS,0 
598_1YY9,PRO,0 
599_1YY9,ASN,0 
600_1YY9,CYS,0 
601_1YY9,THR,0 
602_1YY9,TYR,0 
603_1YY9,GLY,0 
604_1YY9,CYS,0 
605_1YY9,THR,0 
606_1YY9,GLY,0 
607_1YY9,PRO,0 
608_1YY9,GLY,0 
609_1YY9,LEU,0 
610_1YY9,ARG,0 
611_1YY9,GLY,0 
612_1YY9,CYS,0 
613_1YY9,PRO,0 
614_1YY9,THR,0 
