20_5TXF,ASN,0 
21_5TXF,HIS,0 
22_5TXF,THR,0 
23_5TXF,ARG,0 
24_5TXF,PRO,0 
25_5TXF,VAL,0 
26_5TXF,ILE,0 
27_5TXF,LEU,0 
28_5TXF,VAL,0 
29_5TXF,PRO,0 
30_5TXF,GLY,0 
31_5TXF,CYS,0 
32_5TXF,LEU,0 
33_5TXF,GLY,0 
34_5TXF,ASN,0 
35_5TXF,GLN,0 
36_5TXF,LEU,0 
37_5TXF,GLU,0 
38_5TXF,ALA,0 
39_5TXF,LYS,0 
40_5TXF,LEU,0 
41_5TXF,ASP,0 
42_5TXF,LYS,0 
43_5TXF,PRO,0 
44_5TXF,ASP,0 
45_5TXF,VAL,0 
46_5TXF,VAL,0 
47_5TXF,ASN,0 
48_5TXF,TRP,0 
49_5TXF,MET,0 
50_5TXF,CYS,0 
51_5TXF,TYR,0 
52_5TXF,ARG,0 
53_5TXF,LYS,0 
54_5TXF,THR,0 
55_5TXF,GLU,0 
56_5TXF,ASP,0 
57_5TXF,PHE,0 
58_5TXF,PHE,0 
59_5TXF,THR,0 
60_5TXF,ILE,0 
61_5TXF,TRP,0 
62_5TXF,LEU,0 
63_5TXF,ASP,0 
64_5TXF,LEU,0 
65_5TXF,ASN,0 
66_5TXF,MET,0 
67_5TXF,PHE,0 
68_5TXF,LEU,0 
69_5TXF,PRO,0 
70_5TXF,LEU,0 
71_5TXF,GLY,0 
72_5TXF,VAL,0 
73_5TXF,ASP,0 
74_5TXF,CYS,0 
75_5TXF,TRP,0 
76_5TXF,ILE,0 
77_5TXF,ASP,0 
78_5TXF,ASN,0 
79_5TXF,THR,0 
80_5TXF,ARG,0 
81_5TXF,VAL,0 
82_5TXF,VAL,0 
83_5TXF,TYR,0 
84_5TXF,ASN,0 
85_5TXF,ARG,0 
86_5TXF,SER,0 
87_5TXF,SER,0 
88_5TXF,GLY,0 
89_5TXF,LEU,0 
90_5TXF,VAL,0 
91_5TXF,SER,0 
92_5TXF,ASN,0 
93_5TXF,ALA,0 
94_5TXF,PRO,0 
95_5TXF,GLY,0 
96_5TXF,VAL,0 
97_5TXF,GLN,0 
98_5TXF,ILE,0 
99_5TXF,ARG,0 
100_5TXF,VAL,0 
101_5TXF,PRO,0 
102_5TXF,GLY,0 
103_5TXF,PHE,0 
104_5TXF,GLY,0 
105_5TXF,LYS,0 
106_5TXF,THR,0 
107_5TXF,TYR,0 
108_5TXF,SER,0 
109_5TXF,VAL,0 
110_5TXF,GLU,0 
111_5TXF,TYR,0 
112_5TXF,LEU,0 
113_5TXF,ASP,0 
114_5TXF,SER,0 
115_5TXF,SER,0 
116_5TXF,LYS,0 
117_5TXF,LEU,0 
118_5TXF,ALA,0 
119_5TXF,GLY,0 
120_5TXF,TYR,0 
121_5TXF,LEU,0 
122_5TXF,HIS,0 
123_5TXF,THR,0 
124_5TXF,LEU,0 
125_5TXF,VAL,0 
126_5TXF,GLN,0 
127_5TXF,ASN,0 
128_5TXF,LEU,0 
129_5TXF,VAL,0 
130_5TXF,ASN,0 
131_5TXF,ASN,0 
132_5TXF,GLY,0 
133_5TXF,TYR,0 
134_5TXF,VAL,0 
135_5TXF,ARG,0 
136_5TXF,ASP,0 
137_5TXF,GLU,0 
138_5TXF,THR,0 
139_5TXF,VAL,0 
140_5TXF,ARG,0 
141_5TXF,ALA,0 
142_5TXF,ALA,0 
143_5TXF,PRO,0 
144_5TXF,TYR,0 
145_5TXF,ASP,0 
146_5TXF,TRP,0 
147_5TXF,ARG,0 
148_5TXF,LEU,0 
149_5TXF,GLU,0 
150_5TXF,PRO,0 
151_5TXF,GLY,0 
152_5TXF,GLN,0 
153_5TXF,GLN,0 
154_5TXF,GLU,0 
155_5TXF,GLU,0 
156_5TXF,TYR,0 
157_5TXF,TYR,0 
158_5TXF,ARG,0 
159_5TXF,LYS,0 
160_5TXF,LEU,0 
161_5TXF,ALA,0 
162_5TXF,GLY,0 
163_5TXF,LEU,0 
164_5TXF,VAL,0 
165_5TXF,GLU,0 
166_5TXF,GLU,0 
167_5TXF,MET,0 
168_5TXF,HIS,0 
169_5TXF,ALA,0 
170_5TXF,ALA,0 
171_5TXF,TYR,0 
172_5TXF,GLY,0 
173_5TXF,LYS,0 
174_5TXF,PRO,0 
175_5TXF,VAL,0 
176_5TXF,PHE,0 
177_5TXF,LEU,0 
178_5TXF,ILE,0 
179_5TXF,GLY,0 
180_5TXF,HIS,0 
181_5TXF,SER,0 
182_5TXF,LEU,0 
183_5TXF,GLY,0 
184_5TXF,CYS,0 
185_5TXF,LEU,0 
186_5TXF,HIS,0 
187_5TXF,LEU,0 
188_5TXF,LEU,0 
189_5TXF,TYR,0 
190_5TXF,PHE,0 
191_5TXF,LEU,0 
192_5TXF,LEU,0 
193_5TXF,ARG,0 
194_5TXF,GLN,0 
195_5TXF,PRO,0 
196_5TXF,GLN,0 
197_5TXF,ALA,0 
198_5TXF,TRP,0 
199_5TXF,LYS,0 
200_5TXF,ASP,0 
201_5TXF,ARG,0 
202_5TXF,PHE,0 
203_5TXF,ILE,0 
204_5TXF,ASP,0 
205_5TXF,GLY,0 
206_5TXF,PHE,0 
207_5TXF,ILE,0 
208_5TXF,SER,0 
209_5TXF,LEU,0 
210_5TXF,GLY,0 
211_5TXF,ALA,0 
212_5TXF,PRO,0 
213_5TXF,TRP,0 
214_5TXF,GLY,0 
215_5TXF,GLY,0 
216_5TXF,SER,0 
217_5TXF,ILE,0 
218_5TXF,LYS,0 
219_5TXF,PRO,0 
220_5TXF,MET,0 
221_5TXF,LEU,0 
222_5TXF,VAL,0 
223_5TXF,LEU,0 
224_5TXF,ALA,0 
225_5TXF,SER,0 
226_5TXF,GLY,0 
227_5TXF,ASP,0 
228_5TXF,ASN,0 
229_5TXF,GLN,0 
230_5TXF,GLY,0 
231_5TXF,ILE,0 
232_5TXF,PRO,0 
233_5TXF,ILE,0 
234_5TXF,MET,0 
235_5TXF,SER,0 
236_5TXF,SER,0 
237_5TXF,ILE,0 
238_5TXF,LYS,0 
239_5TXF,LEU,0 
242_5TXF,GLU,0 
243_5TXF,GLN,0 
244_5TXF,ARG,0 
245_5TXF,ILE,0 
246_5TXF,THR,0 
247_5TXF,THR,0 
248_5TXF,THR,0 
249_5TXF,SER,0 
250_5TXF,PRO,0 
251_5TXF,TRP,0 
252_5TXF,MET,0 
253_5TXF,PHE,0 
254_5TXF,PRO,0 
255_5TXF,SER,0 
256_5TXF,ARG,1 
257_5TXF,MET,1 
258_5TXF,ALA,1 
259_5TXF,TRP,1 
260_5TXF,PRO,1 
261_5TXF,GLU,0 
262_5TXF,ASP,0 
263_5TXF,HIS,0 
264_5TXF,VAL,0 
265_5TXF,PHE,0 
266_5TXF,ILE,0 
267_5TXF,SER,0 
268_5TXF,THR,0 
269_5TXF,PRO,0 
270_5TXF,SER,0 
271_5TXF,PHE,0 
272_5TXF,ASN,0 
273_5TXF,TYR,0 
274_5TXF,THR,0 
275_5TXF,GLY,0 
276_5TXF,ARG,0 
277_5TXF,ASP,0 
278_5TXF,PHE,0 
279_5TXF,GLN,0 
280_5TXF,ARG,0 
281_5TXF,PHE,0 
282_5TXF,PHE,0 
283_5TXF,ALA,0 
284_5TXF,ASP,0 
285_5TXF,LEU,0 
286_5TXF,HIS,0 
287_5TXF,PHE,0 
288_5TXF,GLU,0 
289_5TXF,GLU,0 
290_5TXF,GLY,0 
291_5TXF,TRP,0 
292_5TXF,TYR,0 
293_5TXF,MET,0 
294_5TXF,TRP,0 
295_5TXF,LEU,0 
296_5TXF,GLN,0 
297_5TXF,SER,0 
298_5TXF,ARG,0 
299_5TXF,ASP,0 
300_5TXF,LEU,0 
301_5TXF,LEU,0 
302_5TXF,ALA,0 
303_5TXF,GLY,0 
304_5TXF,LEU,0 
305_5TXF,PRO,0 
306_5TXF,ALA,0 
307_5TXF,PRO,0 
308_5TXF,GLY,0 
309_5TXF,VAL,0 
310_5TXF,GLU,0 
311_5TXF,VAL,0 
312_5TXF,TYR,0 
313_5TXF,CYS,0 
314_5TXF,LEU,0 
315_5TXF,TYR,1 
316_5TXF,GLY,0 
317_5TXF,VAL,1 
318_5TXF,GLY,1 
319_5TXF,LEU,1 
320_5TXF,PRO,1 
321_5TXF,THR,0 
322_5TXF,PRO,0 
323_5TXF,ARG,0 
324_5TXF,THR,0 
325_5TXF,TYR,0 
326_5TXF,ILE,0 
327_5TXF,TYR,0 
328_5TXF,ASP,0 
329_5TXF,HIS,0 
330_5TXF,GLY,0 
331_5TXF,PHE,0 
332_5TXF,PRO,0 
333_5TXF,TYR,0 
334_5TXF,THR,0 
335_5TXF,ASP,0 
336_5TXF,PRO,0 
337_5TXF,VAL,0 
338_5TXF,GLY,0 
339_5TXF,VAL,0 
340_5TXF,LEU,0 
341_5TXF,TYR,0 
342_5TXF,GLU,1 
343_5TXF,ASP,1 
344_5TXF,GLY,0 
345_5TXF,ASP,0 
346_5TXF,ASP,0 
347_5TXF,THR,0 
348_5TXF,VAL,0 
349_5TXF,ALA,0 
350_5TXF,THR,1 
351_5TXF,ARG,1 
352_5TXF,SER,0 
353_5TXF,THR,0 
354_5TXF,GLU,1 
355_5TXF,LEU,1 
356_5TXF,CYS,0 
357_5TXF,GLY,1 
358_5TXF,LEU,1 
359_5TXF,TRP,0 
360_5TXF,GLN,1 
361_5TXF,GLY,0 
362_5TXF,ARG,0 
363_5TXF,GLN,0 
364_5TXF,PRO,0 
365_5TXF,GLN,0 
366_5TXF,PRO,0 
367_5TXF,VAL,1 
368_5TXF,HIS,0 
369_5TXF,LEU,1 
370_5TXF,LEU,0 
371_5TXF,PRO,1 
372_5TXF,LEU,0 
373_5TXF,HIS,1 
374_5TXF,GLY,0 
375_5TXF,ILE,0 
376_5TXF,GLN,0 
377_5TXF,HIS,0 
378_5TXF,LEU,0 
379_5TXF,ASN,0 
380_5TXF,MET,0 
381_5TXF,VAL,0 
382_5TXF,PHE,0 
383_5TXF,SER,0 
384_5TXF,ASN,0 
385_5TXF,LEU,0 
386_5TXF,THR,0 
387_5TXF,LEU,0 
388_5TXF,GLU,0 
389_5TXF,HIS,0 
390_5TXF,ILE,0 
391_5TXF,ASN,0 
392_5TXF,ALA,0 
393_5TXF,ILE,0 
394_5TXF,LEU,0 
395_5TXF,LEU,0 
396_5TXF,GLY,0 
397_5TXF,ALA,0 
398_5TXF,TYR,0 
399_5TXF,ARG,0 
